id,reg_key,item_id,name,jurisdiction_source,category,is_current,version,version_hash,state_code,content_hash
23,REG-237,age-discrimination-act-of-1975,Age Discrimination Act of 1975,federal,Diversity/Affirmative Action,t,6,473ead4af84936dd43152f299cba8be84c8f4406b010e6a61e213650912bb19d,,
25,REG-214,higher-education-act-institutional-and-financial-a,Higher Education Act: Institutional and financial assistance information for students,federal,Copyright & Trademark,t,8,8027c0f4b84a02850f3e77e40d5e8eec98a95e5e0a3870699638be2343159bc4,,
26,REG-251,higher-education-act-textbook-information,Higher Education Act: Textbook Information,federal,Academic Programs,t,3,d764aed730fd813bed39eac9e3c249c46de5776578c63de03b002c76347c7a98,,
27,REG-138,higher-education-opportunity-act-sections-152-and-,Higher Education Opportunity Act Sections 152 and 153,federal,Academic Programs,t,3,b760e62d09b26a6fa0306a9703791edf8645a39aac0648862d9971688ed4001a,,
28,REG-018,section-504-of-the-rehabilitation-act-of-1973,Section 504 of The Rehabilitation Act of 1973,federal,Uncategorized,t,8,3bc40b10743fe14378d985058a7a203753928c9b096bf22a61d6d0323c38da53,,b1b71a067fadebb54c01d56f7706c7c6ef221767371d1b0d5a17371aaae2cca4
30,REG-008,title-vi-of-the-civil-rights-act-of-1964,Title VI of the Civil Rights Act of 1964,federal,Admissions,t,5,bf5b98020569781e5d3dad0a2ebe037ac9b9856960aeea39b61d568123f0d218,,
31,REG-069,teacher-preparation-programs,Teacher Preparation Programs,federal,Uncategorized,t,4,5b89d7afcd35098df3ff798686ebb571b4c6d760eb73bc1fc7854062b4b0b6a6,,16b34ce8c91fe855a5b29c13d72df875b5972591206438469b48abfc69f8d029
32,REG-149,bankruptcy-abuse-prevention-consumer-protection-ac,Bankruptcy Abuse Prevention & Consumer Protection Act of 2005,federal,Accounting,t,3,cab26a657943ae7b80cba0d317329f9c81a5fa9069679aa5fd0bbafbf934134f,,
33,REG-150,clayton-antitrust-act-of-1914,Clayton Antitrust Act of 1914,federal,Accounting,t,3,4de65b52f59f991773cc256f9fa519145086d06c917a6748a0ec98d5d1858949,,
34,REG-210,fair-credit-reporting-act-fcra,Fair Credit Reporting Act (FCRA),federal,Recruitment Hiring & Termination,t,4,5ac0fb9e423e6588d79ec94dd9dcc333eef0be2877ced1544fb273a47b03963f,,
35,REG-175,federal-insurance-contributions-act-fica,Federal Insurance Contributions Act (FICA),federal,Wages,t,4,7a7577e783f733ddb0412a0b2054a4baedfc7afff8813d719d8ba0cf530a4565,,
36,REG-151,federal-unemployment-tax-act-futa,Federal Unemployment Tax Act (FUTA),federal,Accounting,t,3,7c17c21b385c1f612e1f817732317c4476a92220945a3355836a55904509b0c1,,
37,REG-152,higher-education-act-disclosure-of-foreign-gifts,Higher Education Act – Disclosure of Foreign Gifts,federal,Accounting,t,3,30126603a61d4923eb9671e7c84f8f0a459763afa0d159ac65da19cd99099854,,
38,REG-192,qualified-tuition-and-student-loan-interest-report,Qualified Tuition and Student Loan Interest Reporting,federal,Tax,t,5,a281473191a8ead08b493898c7cf4eab28108e3192cfda0d9dbf8d84ef0d6e7e,,
39,REG-155,regulation-e-electronic-fund-transfers,Regulation E: Electronic Fund Transfers,federal,Accounting,t,3,7f5abe203438ca2435cc624e03252b4ad770011ba39f9ea19f900b406bdafda5,,
40,REG-156,sarbanes-oxley-act-of-2002-sox,Sarbanes Oxley Act of 2002 (SOX),federal,Accounting,t,3,b3831811885618b207efeed68baf8f1df1bb7094aff443e2b1a0330ded7bb39b,,
41,REG-157,sherman-antitrust-act,Sherman Antitrust Act,federal,Accounting,t,3,e7f66a2a3f8ee180dba3c395e8ee09a36c3cedd6c6df79a0753e7a282bc11498,,
42,REG-158,social-security-act,Social Security Act,federal,Accounting,t,3,ca7c28b2ab4d710e60576e614ba9dc775bc07bef45a222749c350e355b36d46e,,
43,REG-160,tax-cuts-and-jobs-act-of-2017-endowment-excise-tax,Tax Cuts and Jobs Act of 2017 (endowment excise tax),federal,Accounting,t,4,a9ec58365fba16beb5cece030e677a70937440e1af1051c4cf506912dcd52df7,,
44,REG-161,truth-in-lending-act,Truth in Lending Act,federal,Accounting,t,3,fa5c6d3b825be711d55c0b535005c74dc7dc3481e30cc45f9e44ccdd8d015f95,,
45,REG-162,uniform-administrative-requirements-cost-principle,"Uniform Administrative Requirements, Cost Principles, and Audit Requirements for Federal Awards (Uniform Guidance, Super Circular, or Omni Circular)",federal,Accounting,t,3,f1c3e313fc8de35dd401402b18ef9842b412a53ee0bbe210d2242ebfd41dda42,,
46,REG-163,unrelated-business-income-tax-ubit,Unrelated Business Income Tax (UBIT),federal,Accounting,t,3,b80dc861dc428bb9b4b130d0aa169a1160953f2c14957361203f6b1048c66388,,
48,REG-012,higher-education-act-recognition-of-accrediting-ag,PA Act 36 of 1990 - English Fluency in Higher Ed,state,Uncategorized,t,4,343c92bee8711fd67ebb60b78f082d35566802891b3dfe014240d86ebf2309d6,PA,4f6372581cb0cf8b4d2e1a5081108f52dc756223b40f94b8c16365b82dcf7a6e
51,REG-153,higher-education-act-readmission-requirements-for-,Higher Education Act: Readmission Requirements for Servicemembers,federal,Admissions,t,3,067365d626c78486bd8ba85678ca3e724cd7c9358625448c13424f41adaf772c,,
55,REG-017,equity-in-athletics-disclosure-act-eada,Equity in Athletics Disclosure Act (EADA),federal,Uncategorized,t,4,362bd09a5ea90a0ac6b4af82d62b2005833cbb52b37f93331deb8943a1af5416,,ff182712413e20be597e29b1cd25ef9384a17677bb6f0167cfd6a1244dfedafa
57,REG-002,title-ix-of-the-education-amendments-of-1972,Title IX of the Education Amendments of 1972,federal,Uncategorized,t,14,0d8e259e687e9635951ecd8ad82440af2d5c46ac12d1d51e9f6923f84fe393ed,,b55888dc6579791aff3876d69379f12f75770dc3a277f79955fb288355f69c5d
59,REG-015,americans-with-disabilities-act,Americans with Disabilities Act (ADA),federal,Civil Rights & Accessibility,t,5,dcdfd785d6129bb939cffd15df20db21cca7d8ec3ff20b0ed9e2b54a4102fd53,,
60,REG-007,campus-sex-crimes-prevention-act-1601-of-the-victi,Campus Sex Crimes Prevention Act (§ 1601 of the Victims of Trafficking and Violence Protection Act of 2000),federal,Sexual Misconduct,t,5,4587f936b6ded2aec3e2097f39fbd3429fd31887a38d46e721dd848ced0ec8bb,,
61,REG-129,drug-free-schools-and-communities-act,Drug Free Schools and Communities Act,federal,Campus Safety,t,5,fe50149b43155b49d9b1099e59d34d3df9f04d2ce8e0f741002bd68ed22ad9fe,,
62,REG-019,emergency-planning-and-community-right-to-know-act,Emergency Planning and Community Right to Know Act (EPCRA),federal,Uncategorized,t,5,d81ddce67156bb279f417fee49e8d1b885f6a79e3b56b1c3312454ae25c61d36,,06f0ef49c8777887fb7dbdd38656317ac7f6d68347702033d5d06b99a3698bff
63,REG-023,higher-education-act-drug-and-alcohol-abuse-preven,Higher Education Act: Drug and Alcohol Abuse Prevention,state,Uncategorized,t,5,d7897f61e7026174faa3d1668efba6e28b01a97a345aa2e88f0b0d84f9bbffe3,PA,75f46b22cfa3b583970fe500b7b72e9e4a906fd6166bdedfc86d8f0eb5438736
66,REG-056,higher-education-act-program-participation-agreeme,Higher Education Act: Program Participation Agreements,state,Uncategorized,t,5,e8fdf21bbabd6fe8abb58914873412313e9ce92037e01690c2e6b08c7974a4fc,PA,e284c069d32c564a18ad78948f7a9343003658e68ba5416454d44288b4e66ad0
67,REG-001,jeanne-clery-disclosure-of-campus-security-policy-,Jeanne Clery Disclosure of Campus Security Policy and Campus Crime Statistics Act,federal,Uncategorized,t,48,2d5918e6d35ec155fd3a66eba3414ed90cbd177329b011fa7b423d804fcfe687,,2fb94915874144d7c872b6956bde39b97dd5eb2d13f8cc94ced6f0d364e3831b
68,REG-098,occupational-safety-and-health-act-of-1970,Occupational Safety and Health Act of 1970,federal,Campus Safety,t,3,dfa3f6a2490d2c77143d63ce139a41423441c7859c17d40bab8b0539ce9bba27,,
69,REG-009,title-vi-of-the-civil-rights-act-of-1964-42-u-s-c-,Title VI of the Civil Rights Act of 1964  42 U.S.C. §§ 2000d-2000d-7,federal,Campus Safety,t,5,039dd0dc65a3a826c62df25c336796e08928a11e5c0eaf9a8bc798b8da4e80ac,,
70,REG-199,anti-kickback-act-of-1986,Anti-Kickback Act of 1986,federal,Contracts & Procurement,t,3,c5e27f270cfd717cc49982c3ce6dc08344e850b8c059773802483af25086ebf1,,
71,REG-200,anti-discrimination-laws-for-federal-contractors,Anti-discrimination laws for federal contractors,federal,Contracts & Procurement,t,4,3e27f734ce9239fa4a32550f729178049958fa0944395b2aa4f408d97f79f9da,,
72,REG-166,byrd-amendment,Byrd Amendment,federal,Tax,t,4,4bbd0e1e46aeb2cc5aed3a7502a696f6f524c4ef9d835c18f4aae813a058944a,,
73,REG-202,copeland-anti-kickback-act,Copeland Anti-Kickback Act,federal,Contracts & Procurement,t,3,43e839e3e382f71b9ab14422fea74cf123dde671b49f048218cf361f03137be2,,
74,REG-205,davis-bacon-act,Davis-Bacon Act,federal,Contracts & Procurement,t,3,0cb3bb1c2d7a9de9f98ddf00aee9707688dcfbd7c30b54e7faeaac99405937f3,,
75,REG-208,e-verify-executive-order-13465-amending-executive-,E-Verify Executive Order 13465-Amending Executive Order 12989,federal,Contracts & Procurement,t,4,8eeff5c70ab42dd22662076887d61ad52da64ebb1a0a103472f86d80663ae141,,
77,REG-246,higher-education-act-foreign-gift-and-contract-rep,Higher Education Act: Foreign Gift and Contract Reports,federal,Fundraising & Development,t,3,0e6d633d793e13ba914f5eca004770c4dcaa9d3a013f971aac0047ff69838ce7,,
78,REG-222,small-business-act-and-small-business-investment-a,Small Business Act and Small Business Investment Act of 1958,federal,Contracts & Procurement,t,3,afbc0c91fee7e1610b2be35b8261e5cee05714b530508191aa321b372ef65796,,
79,REG-225,trade-sanctions-reform-and-export-enhancement,Trade Sanctions Reform and Export Enhancement,federal,Contracts & Procurement,t,3,8455bc24a8d1c28eb97a1173dda93a27074b3b96b51d5a92d23e5657c0921521,,
80,REG-218,non-retaliation-for-disclosure-of-compensation-inf,Non-Retaliation for Disclosure of Compensation Information,federal,"Contracts & Procurement,Recruitment Hiring & Termination",t,3,6acda37863c449370b51801cb1e655866fbd89236ce9891fd9c42b2d168a90ab,,
81,REG-203,copyright-act,Copyright Act,federal,Copyright & Trademark,t,3,71a31d77c9b591d7123cac130b9609cf74b9f2d8a8066b2f27dd1af6b391abed,,
82,REG-204,copyright-term-extension-act,Copyright Term Extension Act,federal,Copyright & Trademark,t,3,c2e3a467fd202695b10929d9fcd5306cab7e9f00f0bb555dbee2ca189f8926af,,
83,REG-206,digital-millennium-copyright-act-dmca,Digital Millennium Copyright Act (DMCA),federal,Information Technology,t,4,964014b7650a6c029a056e1dbb0ed672a2e168436f42eae63462c63ce7bda9c1,,
86,REG-216,lanham-act,Lanham Act,federal,Copyright & Trademark,t,3,bb07a2aa1531344c0e6f32250749ee40945f8c7dc163394559b654a1a5160b96,,
87,REG-223,small-webcasters-settlement-act-of-2002,Small Webcasters Settlement Act of 2002,federal,Copyright & Trademark,t,3,523588755b4c5ebbd1ace0f68f0a75629c55a3623bcb3c8cb369a5629fe64655,,
88,REG-224,technology-education-and-copyright-harmonization-a,Technology Education and Copyright Harmonization Act (TEACH ACT) of 2002,federal,Copyright & Trademark,t,3,1bc34c12275771fd6e27bec1db9e2e19582e6df0f6bec1e1b8a696f28c8773da,,
90,REG-071,fair-housing-act-section-6,"Fair Housing Act, Section 6",federal,Disabilities,t,3,c539a86debb29dfc467ed67d4a41f1ef9e71799d9fb35547269b343b46502728,,
91,REG-072,patient-protection-and-affordable-care-act-section,Patient Protection and Affordable Care Act (Section 1557),federal,Disabilities,t,3,c0281bf9c27970ea54291332e6f75fe12e65406ddd53804377822fc5451afb95,,
93,REG-077,the-family-and-medical-leave-act-of-1993,The Family and Medical Leave Act of 1993,federal,Discrimination,t,4,3c473d2a3b3506078191e543ee2fd84e2abae0d6e338bda37a38605482eaa8a4,,
96,REG-073,equal-employment-opportunity,Equal Employment Opportunity,federal,Discrimination,t,4,89dfcaf47ecfa93cf7f4d648f9cf8b95b38a04bbbcd9ca674fb43238a8c55426,,
97,REG-106,equal-employment-of-veterans,Equal Employment of Veterans,federal,Diversity/Affirmative Action,t,3,a27748ff99e3c3d233d4c652d15fc7aac1fb373d5d1d76649cc89c66157e0613,,
98,REG-114,genetic-information-non-discrimination-act-of-2008,Genetic Information Non-Discrimination Act of 2008,federal,Diversity/Affirmative Action,t,4,57de9cf7aeb2394f64928b4d3e6a079e1ede7bf2d4a026ac5f2f58206521ace5,,
99,REG-118,lilly-ledbetter-fair-pay-act-of-2009,Lilly Ledbetter Fair Pay Act of 2009,federal,Diversity/Affirmative Action,t,3,a9f18dae0f16fd59d27538c7281fed95aa142e4592dc0b0bced861c9fbc668d3,,
100,REG-076,the-equal-pay-act-of-1963,The Equal Pay Act of 1963,federal,Discrimination,t,4,02100594b51763fc04404c499b7dd4f8fe54a67485dc40b592751e3388426104,,
103,REG-010,title-vii-of-the-civil-rights-act-of-1964,Title VII of the Civil Rights Act of 1964,federal,Employment Law,t,6,7a0f51d621c7e15d561a65ef4c591a55cb672bc19854571490eddc58e45a61d9,,
104,REG-236,uniformed-services-employment-and-reemployment-rig,Uniformed Services Employment and Reemployment Rights Act (USERRA),federal,Employee Benefits,t,5,c283a96ba2cb6be002ed08728725789633de633d7b12a9e93e81393d5525989c,,
105,REG-075,pregnant-workers-fairness-act-pwfa,Pregnant Workers Fairness Act (PWFA),federal,"Discrimination,Human Resources",t,3,ca67b451eab50ab7113cb87df34f7d9d4a745035d8cee7d45a2897e2b8cb161c,,
106,REG-100,affirmative-action-equal-employment-opportunity,Affirmative Action/Equal Employment Opportunity,federal,Diversity/Affirmative Action,t,3,ed932558bde0cad59194c8cdfcfdc7f261ce50d033a0e818444fd458a5efb655,,
108,REG-238,age-discrimination-employment-act-of-1967,Age Discrimination Employment Act of 1967,federal,Diversity/Affirmative Action,t,3,d28a0ab7d0f9e85808d6605431bf0437bd737482ddfc9f4a7e1a09d071874192,,
119,REG-123,veterans-employment-emphasis-under-federal-contrac,Veterans’ employment emphasis under Federal contracts,federal,Diversity/Affirmative Action,t,3,19b9b978fe1acdc23b1b0a8c1663bce24188c4589eeed9a950b97d0fa22fcf33,,
120,REG-230,cafeteria-plan-regulations,Cafeteria Plan Regulations,federal,Employee Benefits,t,4,179b014430e8c05e384140a1f82907859a46508349faef0fd72f604810a2bbce,,
121,REG-231,consolidated-omnibus-budget-reconciliation-act-cob,Consolidated Omnibus Budget Reconciliation Act (COBRA),federal,Employee Benefits,t,3,fa57229b94701f0a21b789a6b6541a6cd459dcc387aa9b7062005bf1b93cf19a,,
122,REG-232,employee-retirement-income-security-act-of-1974-er,Employee Retirement Income Security Act of 1974 (ERISA),federal,Retirement,t,3,fcd87e71af824523776411748ad229e4978b5f3999890a2a87a243b0831a8e2f,,
123,REG-233,medicare-medicaid-and-schip-extension-act-of-2007,"Medicare, Medicaid, and SCHIP Extension Act of 2007",federal,Employee Benefits,t,3,cb58afd5009e82d524208666c30839b2e0d7db455f8e453186330478f6708924,,
124,REG-234,patient-protection-and-affordable-care-act,Patient Protection and Affordable Care Act,federal,Employee Benefits,t,3,e96fdb977f3dee18a524824b31a23bded505e50928ab19da0af23c4652b82a1b,,
125,REG-235,the-veterans-readjustment-benefits-act,The Veterans’ Readjustment Benefits Act,federal,Employee Benefits,t,3,60f2413cd4f1c0767778de4ba8133a7bd8937f743a7800519407e2ff8aff7cdd,,
128,REG-124,atomic-energy-act-of-1954,Atomic Energy Act of 1954,federal,Environmental Health and Safety,t,3,ccaaaebd9e5e515d339cbe22df4fa1f54e796136c1094af72273ef2d81269967,,
129,REG-125,chemical-facility-anti-terrorism-standards,Chemical Facility Anti-Terrorism Standards,federal,Environmental Health and Safety,t,3,be858de01f003dbd9fb68b67e69a6db9dd1d9c729b84d142608b91d164a786f6,,
130,REG-126,clean-air-act,Clean Air Act,federal,Environmental Health and Safety,t,3,9ae88124015f78b9133187e7e553e3926dac4559dc95cf3e9425581245198551,,
131,REG-127,clean-water-act,Clean Water Act,federal,Environmental Health and Safety,t,3,d914393e3a4055093ce4acc4e5ab6fca5ba4691410442631b187533b4a930611,,
132,REG-128,comprehensive-environmental-response-compensation-,"Comprehensive Environmental Response, Compensation, and Liability Act (CERCLA)",federal,Environmental Health and Safety,t,3,062aef56b7eff57cd9753a0156a4d21aba3c189aa6e030c89a6db82335523e6a,,
134,REG-132,energy-policy-act,Energy Policy Act,federal,Environmental Health and Safety,t,3,a5cdaf165958c5502528be78a554854069a81ef40ac88fa47d706065fc397c55,,
135,REG-133,energy-reorganization-act-of-1974-as-amended,"Energy Reorganization Act of 1974, as amended",federal,Environmental Health and Safety,t,3,d729d16563b2c2108be756a910bc92a30d311f495273ebc81aba0534343c6962,,
136,REG-134,federal-insecticide-fungicide-and-rodenticide-act,"Federal Insecticide, Fungicide and Rodenticide Act",federal,Environmental Health and Safety,t,3,6b5e8576ec06a6ae9eca981e4d67a0fb3b4dd76298c9cd8aac338e31aebbd0b1,,
137,REG-135,guarding-and-use-of-hand-portable-powered-tools,Guarding and Use of Hand & Portable Powered Tools,federal,Environmental Health and Safety,t,4,7a2ee3e234fd8b574d3d91a7f3c30de68bf4d6f63a9e55d0a3171d43004c5e8a,,
138,REG-115,hazardous-materials-transportation-act,Hazardous Materials Transportation Act,federal,Information Technology,t,4,bcc86c64b910fed976a529248d4a468d6b8d960eae1ac210f9a38c47506e6aa8,,
139,REG-136,hazardous-and-solid-waste-amendments-of-1984,Hazardous and Solid Waste Amendments of 1984,federal,Environmental Health and Safety,t,3,85b27bc48b643520cc344990d18c8dcb643c10ff47c339f6dfa1d2d7a1f668be,,
140,REG-139,housing-urban-development-lead-based-paint-poisoni,Housing & Urban Development Lead Based Paint Poisoning in Certain Residential Structures,federal,Environmental Health and Safety,t,3,74543b5c1414d55969d114c20b4bfa80daf631a311b28c8089e0c081d140207c,,
141,REG-140,mandatory-reporting-of-greenhouse-gases,Mandatory Reporting of Greenhouse Gases,federal,Environmental Health and Safety,t,4,d2e4a4ea8b398ba49256285fe3aa568331581f961c310e534756c72884cb12ef,,
142,REG-141,motor-carrier-act-of-1980,Motor Carrier Act of 1980,federal,Environmental Health and Safety,t,4,9a566a3f877418d7df982a8c957e5c3b3dbd54ced993af338c45324eb1bad32c,,
143,REG-142,national-emission-standards-for-hazardous-air-poll,National Emission Standards for Hazardous Air Pollutants (NESHAP),federal,Environmental Health and Safety,t,4,efb16aef06e31e613fe602366e7e9af75aad7fbba9e3e869a08ed0a6077ba349,,
144,REG-087,osha,OSHA,federal,Environmental Health and Safety,t,7,bcc63d4bcfdf52a7e3f946df53eb6a7b25791ef0fe15b605bdd84ae547de7c16,,
145,REG-088,osha-asbestos-in-construction-standard,OSHA Asbestos in Construction Standard,federal,Environmental Health and Safety,t,4,2582a88c930c18dc6c8054d84df9d4645ed393676e0231ec6c11815778bcceb5,,
146,REG-089,osha-asbestos-in-general-industry-standard,OSHA Asbestos in General Industry Standard,federal,Environmental Health and Safety,t,4,72318533a9025ef5a78338180aa3676f1351f1a5e364b4e92c67a3f396bae2f7,,
147,REG-090,osha-enforcement-guidance-for-personal-protective-,OSHA Enforcement Guidance for Personal Protective Equipment (PPE) in General Industry,federal,Environmental Health and Safety,t,4,72fe1561543c3443f8c49d67b496537b8b61ac906d75b2d3ddec7ef41cc2c0ca,,
148,REG-091,osha-lead-in-construction-standard,OSHA Lead in Construction Standard,federal,Environmental Health and Safety,t,4,3f68727135b7338740b376eb0f62b0f0e5097e13fa5bfcf8668ac89413d2f20a,,
149,REG-092,osha-lead-in-general-industry-standard,OSHA Lead in General Industry Standard,federal,Environmental Health and Safety,t,4,2f2a3832a3548306c92b65f972ee1c76cd7369feaa0ad2da99c26dd2e6c5d370,,
150,REG-093,osha-welding-cutting-and-brazing,"OSHA Welding, Cutting, and Brazing",federal,Environmental Health and Safety,t,4,e7422962794b3a92609377d79edfec3187c3f598d1912c120df00f43a2509422,,
151,REG-094,osha-bloodborne-pathogens-standard,OSHA – Bloodborne Pathogens Standard,federal,Environmental Health and Safety,t,4,05bb4ce13d3ef561662e68f37dc642f728a30c72b60f0ff678213d00948cf992,,
152,REG-095,osha-s-emergency-action-plan-standard,OSHA’s  Emergency Action Plan Standard,federal,Environmental Health and Safety,t,4,cbbe1fb78bc8a36fbf2ce7d83a3b0efa0c79829492e084e46e584db4c1656574,,
153,REG-096,osha-s-occupational-noise-exposure-standard,OSHA’s  Occupational Noise Exposure Standard,federal,Environmental Health and Safety,t,3,de015bafec853bd2d7eb90f28db344af916382043aab38a5abda218efd497d5b,,
154,REG-097,osha-s-occupational-exposure-to-hazardous-chemical,OSHA’s Occupational Exposure to Hazardous Chemicals in Laboratories Standard,federal,Environmental Health and Safety,t,4,ec9e0d14c141383ab60407ecdc70858c592600242fa2f3a8793b16bd25e6538b,,
155,REG-143,oil-pollution-act,Oil Pollution Act,federal,Environmental Health and Safety,t,3,2329f9eba4ba23a301a7f5a6841bb2a6151d8897c8bbced5ccf422a96e5f7c21,,
156,REG-144,residential-lead-based-paint-hazard-reduction-act-,Residential Lead-Based Paint Hazard Reduction Act of 1992,federal,Environmental Health and Safety,t,3,91e41d9b6389c86bfa32946d4f60bcccb773b97950d58fffd3c30587a6cbcac6,,
157,REG-145,resource-conservation-and-recovery-act,Resource Conservation and Recovery Act,federal,Environmental Health and Safety,t,3,78e2d0f10ec3661d8935fdd38400b3c40065bd84f3187206a1304ac89ba6b5e5,,
158,REG-146,standards-for-the-management-of-used-oil,Standards For the Management of Used Oil,federal,Environmental Health and Safety,t,4,2deff4d4d03c6f9f51fbc91eedd3ccead783a87050847feacbd8b8ef30db2f03,,
159,REG-147,the-public-health-security-and-bioterrorism-prepar,The Public Health Security and Bioterrorism Preparedness and Response Act,federal,Environmental Health and Safety,t,3,a22eaaf54fdab135060cf1bf9969ed92f839d55bec0c392a24e0577435c03b2a,,
160,REG-148,toxic-substances-control-act,Toxic Substances Control Act,federal,Environmental Health and Safety,t,3,7b99c94e371f77c0b4081935fa4c0dcabcc8ac6266c3954087fae1c8b8bbc799,,
161,REG-164,acts-affecting-a-personal-financial-interest,Acts Affecting a Personal Financial Interest,federal,Ethics,t,3,bf723569e798860c0a3638a4c0db52a6b5f6e3339dc85a8fe56f54f350dfe5b1,,
162,REG-165,bribery-of-public-officials-and-witnesses,Bribery of Public Officials and Witnesses,federal,Ethics,t,3,4a026173f18029926ff649b7e94b6e13a92d51ebc4825e150c9c1efa9fbbfa9e,,
163,REG-169,compensation-to-members-of-congress-officers-other,"Compensation to Members of Congress, Officers, Others in Matters Affecting the Government",federal,Ethics,t,3,5edeadb916210f5c2364f790478ae1f39fb3dd9f5fa85403af72f1182a8a78a2,,
164,REG-173,ethics-in-government-act-amended-by-ethics-reform-,Ethics in Government Act (Amended by Ethics Reform Act and Honest Leadership and Open Government Act of 2007),federal,Ethics,t,3,b756615ab6d8d1ed8e74c60142fc80b6375edb07a8658f4034c0af952c455509,,
165,REG-181,house-and-senate-gift-ban-and-ethics-rules,House and Senate Gift Ban and Ethics Rules,federal,Lobbying and Political Activities,t,4,5f42b9b84eed2aa668b4fd9a6032e69b59b07b82ce8656b7344b4c8bda1be717,,
166,REG-064,outside-earned-income-and-activities,Outside Earned Income and Activities,federal,Ethics,t,3,8fe444cc290e916b39871981618507b0679754bbe9a727bfd8b42629aba15e7f,,
167,REG-194,restrictions-on-former-officers-employees-and-elec,"Restrictions on Former Officers, Employees, and Elected Officials of the Executive and Legislative",federal,Ethics,t,3,98301d311c731a2036ae3f646b34a8946b77dbd28d27e141b2d84482f48b094b,,
168,REG-195,salary-of-government-officials-and-employees-payab,Salary of Government Officials and Employees Payable Only by United States,federal,Ethics,t,3,9376e6127446d7208c8f1d3e3c94029e5c7caa22eaaf64009aaa5ca66b892ff6,,
169,REG-034,arms-export-control-act-of-1976,Arms Export Control Act of 1976,federal,Uncategorized,t,3,7b2baf7a20051f2e29142d8022859d59fc148462583d97e917215793894319d4,,31001fa068a3fa837d377fc74b3454e55bfe08a3acaf1a2fc71b2d364a0b3750
170,REG-037,export-administration-act-of-1979,Export Administration Act of 1979,federal,Export Controls,t,3,804d6980f615dd9619782b32cfae402dc359e414ce478d5aca417fca906eee0a,,
171,REG-039,foreign-assets-control-regulations,Foreign Assets Control Regulations,federal,Uncategorized,t,4,b6bf75e4d529de474a323b0457c9226aac2766f519ae39dfc1199a5e8d58a0eb,,3ca339304be46ef78d6f4bf7df95588588a8b04047363c3b2c30c4cb8e8663ac
172,REG-059,international-emergency-economic-powers-act,International Emergency Economic Powers Act,federal,Export Controls,t,3,2a05c463bf5fc36006b6aa836c12177a8e84923875feed82e0ac9b40b1a5600d,,
173,REG-060,international-traffic-in-arms-regulations-itar,International Traffic in Arms Regulations (ITAR),federal,Uncategorized,t,3,c43ef844383b51cead0a7ef8000dbee63339f695c0fc6f58f5a1b5d0ec73ec79,,45f9923069c3637a3fa80a9e1d95a0c6de520ff7faf9903333cb005807178f4f
174,REG-070,trading-with-the-enemy-act-of-1917,Trading with the Enemy Act of 1917,federal,Uncategorized,t,3,f61bf92894b0ed24414c260a57334c457d647207c7c41d3c921d10314ebde377,,4f8398d98f076fc2ec512d233df371eac149ccb96c87f59d5ebf66adadbcb6c0
175,REG-035,contracts-with-third-party-servicers,Contracts with Third Party Servicers,federal,Uncategorized,t,3,255b3e6dc638e59c77fd04df9c81840213dea98b868ed54692e4b20953b314a4,,587ac8ee1c558652abdb098f7c3b93246f3a0721a42306877b56e33fa651308f
176,REG-040,higher-education-act-aid-application-verification,Higher Education Act: Aid Application Verification,state,Uncategorized,t,4,bb0eaa001a567c593f0187a4f9ddb82cba5536866d99ae9b9490ce2d419f6b8b,PA,8f481c65fcbaf2c77e1db8bf1723830296d195150aa278adb4f57938bf3f5a79
177,REG-041,higher-education-act-audits,Higher Education Act: Audits,state,Uncategorized,t,5,1de967d1b194bf7a1d970611ecd8dfd67db6942308e5c8da0d8c4fd9a062e5f7,PA,5d5ef4f3f0a27c6ae19b90a7f57ff4993f5dbbc4b0b273281f605e084c51a350
178,REG-042,higher-education-act-borrower-defense-to-repayment,Higher Education Act: Borrower Defense to Repayment,state,Uncategorized,t,4,e98b4903b77d4b3e1fae94d5b23d4eee93d52ea4628940ea18c29b644609bcc8,PA,233fab1ee56d18b0a51a64719c255d72ad02b7109f9d6171733ccc2ae4022f5e
179,REG-043,higher-education-act-cash-management,Higher Education Act: Cash Management,federal,Financial Aid,t,3,27f4baaa15115279eb2b9e8cca7ba6298406e58df4be3edc8d5d975b58259693,,
180,REG-245,higher-education-act-code-of-conduct,Higher Education Act: Code of Conduct,federal,Fundraising & Development,t,3,cc4772844eac14a9906f428c0c49a29d8afa04d1fb2872b5c566002234f3f6c7,,
181,REG-044,higher-education-act-cohort-default-rate,Higher Education Act: Cohort Default Rate,state,Uncategorized,t,4,4ad256f5ef90af8faf1a6cc9e334e78bd9fff335446068025798747fbc8f8a98,PA,0d30edbd26a6163b7cf17bbb0d7071dc1d97dd74d1cec4dd75ea656c40b062e3
182,REG-045,higher-education-act-eligibility-and-certification,Higher Education Act: Eligibility and Certification,state,Uncategorized,t,4,39d3a07ddb9939b0a50a5340530856b6e25bdef40e50f5146f34b88cbfaf5892,PA,05b8cfc7dfebcfaeaaefc344e7c5e459752c10dcf5fbe7cbc7e697eaae2bffb7
183,REG-046,higher-education-act-entrance-and-exit-counseling,Higher Education Act: Entrance and Exit Counseling,state,Uncategorized,t,4,f43853f6ea1fd3a9bbe40dd4dbe6b352c193497de0385c7e9963f80bf9d8552b,PA,3a04d260aec936c7881e063961407abc25f52ff596219fa8daf79679c7243634
184,REG-047,higher-education-act-federal-supplemental-educatio,Higher Education Act: Federal Supplemental Educational Opportunity Grant Program,state,Uncategorized,t,4,5a9e41244acb361b31b8097dae0a9a3f97c67b201c815797718a43ea039a60b4,PA,cc86f1e6e4161d1e4aa955c13566cdb6dc485bcfd1a34b90497f78ad3a06a51b
185,REG-048,higher-education-act-federal-work-study,Higher Education Act: Federal Work Study,state,Uncategorized,t,4,3cda63a49e3e9a5d4e66d4fb82ef8b98c39a530d162e70d844daf7066dc6309b,PA,0b2234911f4cbd9e7d4a7e175c6d2a68c5c9c61f895062aec1c3ac6f191da992
186,REG-049,higher-education-act-financial-responsibility-requ,Higher Education Act: Financial Responsibility Requirements,state,Uncategorized,t,4,4de196e43eaa74396edf7dfa285674c070de3e33c192287016ecd58df43bcd99,PA,dc14e51bff807c90a6b2ad97753d96454e693964df6b0976259233401403d20d
187,REG-050,higher-education-act-information-distributed-to-st,Higher Education Act: Information Distributed to Students,state,Uncategorized,t,3,c74a27375eca885637905349fc441b3e32ff33b1c0406fc17c4864315fb86975,PA,bcaa84567a683ff8007dc0cc6e631faf376c22e8f8f072969b6f121d35bd6949
188,REG-051,higher-education-act-net-price-calculator,Higher Education Act: Net Price Calculator,state,Uncategorized,t,4,902cb03d6c8a4e172df1287b712b29c335f8d71497531ada7b6ab287a87ea89d,PA,534a84ea635dc7788e725c5184c7067501a6fa77935ec50ebbf547548c04202a
189,REG-052,higher-education-act-plus-loans,Higher Education Act: PLUS Loans,state,Uncategorized,t,4,32ef90089af1258da9da6af0ad6f649e94fb8c5b6cc4e5a63b43f94f68e942dd,PA,f7973df41af1a21d146d30e652cda914717c7e30638821b87403785ceea8c0bf
190,REG-053,higher-education-act-penalties-for-drug-violations,Higher Education Act: Penalties for Drug Violations,state,Uncategorized,t,3,859d9f54a7512b5ad181982ef117b41064c420c35658eb91c70ec59034d71865,PA,6c10fe157a10361cecd96cc3f109e9b22156ed645b969557fbbdf34a259debac
191,REG-054,higher-education-act-perkins-loans,Higher Education Act: Perkins Loans,state,Uncategorized,t,3,cbd495e2fbb2aa5dbe1e4c27eb66a4f7ded9e72ad43e1d923eff285eebbc6b61,PA,2b18ff47e477cc827d36c0de954714fbf32df53c2cf5f87f310172ba1c350bf7
192,REG-055,higher-education-act-preferred-lenders,Higher Education Act: Preferred Lenders,federal,Financial Aid,t,3,2e03ee41b6c1e4aea2581a7dc1a065b56919846cae61c525cca627ac03ebdbf1,,
194,REG-057,higher-education-act-record-retention,Higher Education Act: Record Retention,state,Uncategorized,t,4,28823b2397de5486453b6a1fa3fa986c7c8b14dde5a64d94c646eb42fd6f6e9b,PA,cff558d5e06a372381a1a07822e12d4d70722e335fe48fb28b4b0572d72f0a62
195,REG-058,higher-education-act-standard-of-conduct,Higher Education Act: Standard of Conduct,state,Uncategorized,t,3,a2a24dfff604d166248296f3a490f158937bbfe965a4a7bb862cbef03420c2be,PA,f24eee23781dc14e80d532295560900689efc4cf13bbf64848c202b0215d0de4
197,REG-067,student-loan-default-prevention-initiative-act-of-,Student Loan Default Prevention Initiative Act of 1990,federal,Uncategorized,t,3,77c7ed5e12af7aad567b25d3abdebd6713bd56c8626fe77fe29340f1571345c7,,ffc873ead18367f0c662b7c36f537fc020329bea9ae9479c70021a7de625ff4c
198,REG-068,student-right-to-know-act,Student Right to Know Act,federal,Uncategorized,t,3,204069422e5c8d2482956913a8971532cb0e6a0ee1401995270936197a4365ba,,d5c04c37aace2f53580d947fa0402f9e11a01158e596adc70b45e032e38868af
201,REG-103,controlling-the-assault-of-non-solicited-pornograp,Controlling the Assault of Non-Solicited Pornography And Marketing Act of 2003 (CAN-SPAM Act),federal,Information Technology,t,4,a45ea58fe9025b0c09feb951b678c27667458faeb4359fdc60c6f4b3b7ea9f29,,
204,REG-247,internal-revenue-code-substantiation-and-disclosur,Internal Revenue Code: Substantiation and Disclosure Provisions,federal,Fundraising & Development,t,3,3a9316b269e4f80f7618821cd6f1d4597a2350c92ad8bd18bcb22b658255ef35,,
205,REG-248,pension-protection-act,Pension Protection Act,federal,Fundraising & Development,t,3,65cfcd857823ae59f7f1602bb47d7404f499175a54278fb5f0bbe6abba233cbc,,
206,REG-249,philanthropy-protection-act-of-1995,Philanthropy Protection Act of 1995,federal,Fundraising & Development,t,3,aaed277595351166bef6d6e733a1adbc3b90a4d24176cbb14418850108b00a56,,
207,REG-176,federal-sentencing-guidelines,Federal Sentencing Guidelines,federal,Governance,t,3,36fad229db916b52f43c5a805dcb06092b07a0da4cb6e53b1f03d96f28f545fb,,
208,REG-184,internal-revenue-service-governance-information-re,Internal Revenue Service: Governance Information Required on Form 990,federal,Governance,t,4,47edc110b28e77074f7a1bfed121ae63ea2f84c4885e45d5765b3456a0d127da,,
211,REG-104,department-of-education-general-administrative-reg,Department of Education General Administrative Regulations and Other Applicable Grant Regulations,federal,Grants Management,t,4,992a7db5fe4abc117964bd163e8ec94778a0e61bcbcc6161219c3de3ebb59737,,
212,REG-011,false-claims-act,False Claims Act,federal,Fraud Prevention,t,4,6906cfbfbba6573f5b87426f0a337f3da73bf6770955712cf27814b12c096b48,,
213,REG-111,federal-awardee-performance-and-integrity-informat,Federal Awardee Performance and Integrity Information System (FAPIIS),federal,Grants Management,t,3,1bce31a8e33ce7e2a24b41073e8817a91c75503baae1bd8640e4de6bbf3909c4,,
214,REG-112,federal-funding-accountability-and-transparency-ac,Federal Funding Accountability and Transparency Act of 2006 (FFATA),federal,Grants Management,t,3,0ff39b960c25dbe6a30c438ac57ae47da9a1935c2352edc2f2ec778c1cf49362,,
215,REG-113,fraud-enforcement-and-recovery-act-of-2009-fera,Fraud Enforcement and Recovery Act of 2009 (FERA),federal,Grants Management,t,3,92769d4d3d35f457040c0cd2fecfc36cf6a3ab80d5919ce293fec515294f4f9f,,
216,REG-102,controlled-substances-act,Controlled Substances Act,federal,Health Care and Insurance,t,3,f7f0d9c2cc762c4685f50592cfba1ce30dddf54023cb16c727cd906fef4942d3,,
217,REG-020,hipaa,Health Insurance Portability and Accountability Act (HIPAA),federal,Privacy & Information Security,t,6,f55a1ce912b0a3c93f23ce905b16d81ea5feb65cf781988b0cbf1f990116bb89,,
218,REG-137,higher-education-opportunity-act,Higher Education Opportunity Act,federal,Information Technology,t,4,b18f7a7b24cadc997b576d96c5323c28619759938f409d77aa6ab9d35b4db27a,,
223,REG-217,nsf-grant-term-and-condition-september-21-2018,"NSF grant term and condition, September 21, 2018",federal,Human Resources,t,4,625c4d4793fa04f73d47bb208a8b8f2d1c10182237075e151f1583f67190ede2,,
224,REG-159,student-exchange-and-visitor-information-system-se,Student Exchange and Visitor Information System (SEVIS),federal,Immigration,t,4,714a1d8577555fe6d5e9b2a140a37d3f27bd263012b9acb62299556f8fd31d78,,
225,REG-154,immigration-and-nationality-act-ina,Immigration and Nationality Act (INA),federal,"Immigration,Recruitment Hiring & Termination",t,4,9501be892135c92b4e658ac5d345460059dbfebb69f52bc887e3127646cac23b,,
226,REG-101,communications-assistance-for-law-enforcement-act-,Communications Assistance for Law Enforcement Act (CALEA),federal,Information Technology,t,3,c00de6f2e9ea0f7d1d73317f9c8972b003dae08836c8af5e3da25e2d0ba9629a,,
229,REG-105,electronic-communications-privacy-act-of-1986,Electronic Communications Privacy Act of 1986,federal,Information Technology,t,3,da09eba447a74813851ef040d1ccfdfac01bd16a386ca7813276712d0f270573,,
230,REG-108,fcc-cable-certification,FCC – Cable Certification,federal,Information Technology,t,3,aa277835bf240d37c8fda59a339c06cfbfe592c6d9e96df2b7418d00bbc0033d,,
231,REG-109,fcc-fixed-microwave-services-licensing,"FCC – Fixed Microwave Services, Licensing",federal,Information Technology,t,3,672488fe19f57a35924859bd4dd541647d45f3f63faa8aeb7f9c8caf721c652e,,
232,REG-110,fcc-wireless-communications-licensing,"FCC – Wireless Communications, Licensing",federal,Information Technology,t,3,8d36bb6022bb49d082009629ca6ad1d22b7b352e2eb1ba8d7356011439c9f591,,
235,REG-116,homeland-security-act-of-2002,Homeland Security Act of 2002,federal,Uncategorized,t,5,c497544a40e714638c3e0939d4b7d661a57ade3d326acb5c4f5b69ead7419861,,f279a191020d9e24bb5855d276e18a9d8fbde11a3d07a429c52731b90046fb69
236,REG-117,junk-fax-prevention-act-of-2005,Junk Fax Prevention Act of 2005,federal,Information Technology,t,3,bb932e836ae7ec7383392eabe43e74850adbf4899547251227e7cd0208f4276a,,
237,REG-119,no-electronic-theft-act,No Electronic Theft Act,federal,Information Technology,t,3,5b552ec2e62efdb376bf5cce4819f21ef44e27c02d691169fda1931e9c8c1b84,,
238,REG-121,telemarketing,Telemarketing,federal,Information Technology,t,3,aec9eba109ab4f95b2bcbd678335cf366a307bd1c2e8221347f10334865ed1a8,,
239,REG-198,american-jobs-creation-act-of-2004,American Jobs Creation Act of 2004,federal,Intellectual Property and Technology Transfer,t,3,76a71523b55aecc28a2a666fedc68487994ea8997ace2c453e310a1900dc3d2e,,
240,REG-201,bayh-dole-act-of-1980,Bayh-Dole Act of 1980,federal,Intellectual Property and Technology Transfer,t,3,7946a4472e32fc450ba58c196f42e2de231f2e2ecad9b544a8cb6b20d752c548,,
241,REG-036,cooperative-research-and-technology-enhancement-ac,Cooperative Research and Technology Enhancement Act (CREATE Act),federal,Uncategorized,t,4,cc501319cc9a6e07870836410fbdcb7a855f5ebba4944a4f33aa204e85bb7d23,,6c48bd9fa6122a3b7f0cd9974327cd5a6e602a091f2e2afcd255490fd105e007
242,REG-226,trademark-revision-act,Trademark Revision Act,federal,Intellectual Property and Technology Transfer,t,3,49a704932825b4c51e16b58b1ff96c8ebdb961413c10c9016136d81a199fe16c,,
243,REG-227,u-s-patent-act,U.S. Patent Act,federal,Intellectual Property and Technology Transfer,t,3,3c234d8e99d2078794b3de06125c0f2c225879ea8882f308c3921b1c60df5339,,
244,REG-228,visual-artists-rights-act,Visual Artists Rights Act,federal,Intellectual Property and Technology Transfer,t,3,bd055f7fa13a565a00765dc135db22834d89372739a869dccd292292aaf9fbc8,,
245,REG-212,foreign-agents-registration-act-of-1938,Foreign Agents Registration Act of 1938,federal,International Activities and Programs,t,3,39f2f9d330b0ff260ed891158fad4231c809c43f4b307ddb77221d7babf839b1,,
246,REG-213,foreign-corrupt-practices-act-fcpa,Foreign Corrupt Practices Act (FCPA),federal,International Activities and Programs,t,3,52b164acecde5bf8a201bb9cf8fe6df7fb67a6ce0b85e5b4f37e7f2d936c045a,,
247,REG-180,honest-leadership-and-open-government-act-of-2007,Honest Leadership and Open Government Act of 2007,federal,Lobbying and Political Activities,t,4,d1298e5aa92cb9bacbaf17b4d4d8da8a36f9e12c6dd1de905166c5edcc3017b7,,
249,REG-185,lobbying-disclosure-act,Lobbying Disclosure Act,federal,Lobbying and Political Activities,t,3,cc681a32bab4756f14a9a5122676ec679d599b2248aeb04c08eb0507698fc438,,
250,REG-188,political-activities,Political Activities,federal,Lobbying and Political Activities,t,3,5a113f012a639a4ebdc4a085b4058eb735cd66fa747cfe32bbce8289c29cb7f7,,
252,REG-027,children-s-online-privacy-protection-act-of-1998-c,Children’s Online Privacy Protection Act of 1998 (COPPA),federal,Uncategorized,t,3,7e4e6b04590ce1aa296326a68f772af08f34601433b3b64477f86b99f716031c,,312ec3bd51d3abb317f99d32d1ac3193a0a73a90516c1793bb5174a8854559b1
253,REG-028,electronic-communications-privacy-act,Electronic Communications Privacy Act,federal,Uncategorized,t,3,66469788bf77a0bbb1d84c907c0c7ce8ec7e843748a6b7ca06524e6447258d56,,30aeda46b66fc3385d4fbe597d29b13078049bdd526adc04b0469b211f6b364a
255,REG-029,fair-and-accurate-credit-transaction-act-facta,Fair and Accurate Credit Transaction Act (FACTA),federal,Privacy & Information Security,t,3,b8e29427ee09785710a547f25fcb381a0be0f9dda8a2c3b1f25d02403a6c2ef3,,
256,REG-004,family-educational-rights-and-privacy-act-ferpa,Family Educational Rights and Privacy Act,federal,Uncategorized,t,5,9eaf38ea07ed1dd8b8084182d30c1a1df39e46d65efde48ff4ff68f4da8259f4,,150aed81026c67c604df89119cca1b8bb2c46760179f608316a5f41c685ed694
257,REG-030,federal-information-security-management-act-fisma,Federal Information Security Management Act (FISMA),federal,Uncategorized,t,3,02f63ebbb08e2b755e95dd287d4c7b58ed8c0f8e0770d0609c92075d31ff1b96,,ec0cb448174d72128b9317bcec9fa45db07e159e183683ed27e733acb317d4ff
258,REG-031,freedom-of-information-act,Freedom of Information Act,federal,Uncategorized,t,3,ad1a2f628572528f85a7761842f474eafa6e4e92948745229f5d0a1522f62115,,fe61cc821a5ecde09ae10f47c6188dd06b1a89e81142c88b9b54492853e6d609
259,REG-032,gramm-leach-bliley-act-glba,Gramm Leach Bliley Act (GLBA),federal,Uncategorized,t,3,909719cb50c3c020fa3a178870191741eab3d0e4326cb4634c464d0b7ac83c0c,,d84f85c78e2eb79e2c2fff072f7681419950e568df9330000d343aff8dbdb802
261,REG-033,health-information-technology-for-economic-and-cli,Health Information Technology for Economic and Clinical Health (HITECH) Act of 2009,federal,Uncategorized,t,3,901640116b5c03da0ccda13bc5c7068e3fc0d44be4966905d6151a327903cd32,,396ee6f700ced1e1de2859497e2322bcb486e01bf80acddc91e0411aac7e8bb9
262,REG-074,higher-education-act-financial-value-transparency-,Higher Education Act Financial Value Transparency & Gainful Employment,federal,Program Integrity Rules,t,3,d82319711b7ae00eb3c7174786edd7a969e4084ae6eb1c052acb83bc7468fe28,,
263,REG-082,higher-education-act-credit-hour-definition,Higher Education Act: Credit Hour Definition,federal,Program Integrity Rules,t,3,a656f1147ab3b3e310ea13abd09f90be09afc2079fa217b6988cb08368baaf75,,
264,REG-083,higher-education-act-incentive-compensation-prohib,Higher Education Act: Incentive Compensation Prohibition,federal,Program Integrity Rules,t,3,c37cd58ba8d82e0e434687b9ca28ce1266d6942cdb8765e4e0bec0125f01d717,,
265,REG-084,higher-education-act-misrepresentation,Higher Education Act: Misrepresentation,federal,Program Integrity Rules,t,3,2bd4fc3cecfc333a9edc97e9fae82f8c52b690140a7d7e4e25b553ebf11215f0,,
266,REG-085,higher-education-act-state-authorization,Higher Education Act: State Authorization,federal,Program Integrity Rules,t,3,539b998bc38bf54e29ba39cd7e9dace7094ac60845c7563bf5f29062a57038cd,,
267,REG-207,drug-alcohol-testing-of-transportation-employees,Drug & Alcohol Testing of Transportation Employees,federal,Recruitment Hiring & Termination,t,3,cdd8a74c8049ba611deef6582da14eec047812184ad335eac47759fba708af25,,
268,REG-130,drug-free-workplace-act,Drug Free Workplace Act,federal,Recruitment Hiring & Termination,t,3,311d11041102748b274549d46f04c0646a7076036576c74029da0a9f0fd63635,,
269,REG-209,employee-polygraph-protection-act,Employee Polygraph Protection Act,federal,Recruitment Hiring & Termination,t,3,3894e60090cff878e3845695f35b6d3ffcfa43e365c3b5e33ba6951eb6a5cc29,,
271,REG-211,federal-volunteer-protection-act,Federal Volunteer Protection Act,federal,Recruitment Hiring & Termination,t,3,5d95996f38cc0b791638a85066464467953dc696b0bd220cb454db77b070ce6a,,
273,REG-229,worker-adjustment-and-retraining-notification-act-,Worker Adjustment and Retraining Notification Act (WARN),federal,Recruitment Hiring & Termination,t,4,d7bf240f7877c672ea9c2ed342100ed64319400dd95f700151fda20442486b84,,
274,REG-078,america-competes-act,America COMPETES Act,federal,Research,t,3,41f1a361b0793b709a4140807e63bafd0e80c38e822d39eec0a1831843424b71,,
275,REG-079,animal-welfare-act,Animal Welfare Act,federal,Research,t,3,8c18991fd1ed9ca99c1508e1de1be1668b52da3370eee53cd2157d7620a54d76,,
276,REG-080,clinical-trials-financial-disclosures-by-investiga,Clinical Trials § Financial Disclosures by Investigator,federal,Research,t,4,46ae89d5d812a1af9f0e2a5a70537d25603db28904853403ab0d19ed9d2bc7b8,,
277,REG-038,export-administration-regulations,Export Administration Regulations,federal,Uncategorized,t,5,fa3067d012e12f5b286084bae906661d5b8ca8d7d7751b4ee450718481b5f488,,a42e57714f727b20a4eb9af8654e7951ffb82a6bf3561f11f38555d3cef4236f
278,REG-081,food-and-drug-administration-fda-amendments-act-of,Food and Drug Administration (FDA) Amendments Act of 2007,federal,Research,t,3,09ff9a655cc1561be4d84c4e31ce50e5573951611253ba00abeb017451863400,,
279,REG-061,national-science-foundation-research-misconduct-po,National Science Foundation Research Misconduct Policies,federal,Uncategorized,t,3,1ac46fcd8d641a8cd8fcb25cc6ce2092f415f2efa39f189d719945318168c2cc,,8a4b91c8a6ea9cdd97a48facddd5d52ec46ee8ae10381fe3c6bbc7f89ac9e5eb
280,REG-086,native-american-graves-protection-and-repatriation,Native American Graves Protection and Repatriation Act (NAGPRA),federal,Research,t,3,d00d1f9524b609c9025d28b1efa1756fb08dc6b7f339f51b2bb4959f12a043d6,,
281,REG-120,protection-of-human-subjects-regulations-common-ru,Protection of Human Subjects Regulations (Common Rule),federal,Research,t,4,d5fc1eff1019ea0a03c1ab1f775ade050038052d7edbc46a0bac82aa1b8ee0fd,,
282,REG-065,public-health-service-policies-on-research-miscond,Public Health Service Policies on Research Misconduct,federal,Uncategorized,t,3,031248d1fe689a6b586da560ee04871a927113e39d9488a9971e0ab6543abc61,,0c5b73223eda3412e7532b7c860ea30e09b1fea2ffcba2b28b0713fdd8611f5c
283,REG-066,responsibility-of-applicants-for-promoting-objecti,Responsibility of Applicants for Promoting Objectivity in Research for which PHS Funding is Sought,federal,Uncategorized,t,5,2006b4e25d03a85cf632ba8474656fa56a32814faa66225e9116b1744982824a,,c7c2b8463e3288b58729a6fdba4f4041addcc3744c5f5aa6d59970b7212a8d8b
284,REG-099,small-unmanned-aircraft-systems,Small Unmanned Aircraft Systems,federal,Research,t,4,f478ad7a97e35030a3f0833787c412e08eada50b352cd9305d0e74fcb728b1f9,,
285,REG-171,deferred-compensation,Deferred Compensation,federal,Tax,t,5,d610797b4770da19966336ff17457d97ea893589e8847d3f72156f05d776c46b,,
286,REG-172,employee-annuities,Employee Annuities,federal,Tax,t,3,dbe236fccce17cacc72899d48acaccae9629e941a5d0f66279ea1a1fb396bbbd,,
288,REG-186,nonqualified-deferred-inclusion,Nonqualified Deferred Inclusion,federal,Tax,t,4,022697a32935e2036bb57b695b8f0e22760c04961684fcd0a5b0e5d91e730a95,,
289,REG-190,qualified-pensions,Qualified Pensions,federal,Tax,t,4,00ff78e7c10aa160fda18e345d05a91bfea7581dd8267beffccf583ef6b8a46f,,
295,REG-167,cafeteria-plans-26-u-s-c-125,Cafeteria Plans 26 U.S.C. § 125,federal,Tax,t,4,b0bb6dc88e6ee485c7b039dbdae2e5f45af54574dc8e7f0d901621c667a3c810,,
296,REG-168,charitable-gift-annuity-antitrust-relief-act,Charitable Gift Annuity Antitrust Relief Act,federal,Tax,t,3,1159333640029cec985ef7e9cfdda7746acaa990562d9980f28de078aebb9019,,
299,REG-177,federal-unemployment-tax-act,Federal Unemployment Tax Act,federal,Wages,t,3,7004d55048b44a503fbb9c384625885cdde81712eff1f2c43ffd858af7db72c8,,
300,REG-178,foreign-bank-accounts-and-tax-filings,Foreign Bank Accounts and Tax Filings,federal,Tax,t,3,7f5a43ec31e6c66401e031c1593f63a8e5e313286f0b369ab2773248ee95d725,,
301,REG-179,fringe-benefits,Fringe Benefits,federal,Tax,t,3,aba0f80db48c88e348927d05d7c39978b67fa41f3d8a0b3392dbb24ee07e28c3,,
302,REG-182,independent-contractors,Independent Contractors,federal,Tax,t,4,a95ecc2e1153f4364383dad4f6543d1bf0fb1652d2beaffaf1187b82b878e234,,
303,REG-183,industrial-alcohol-user-permits-and-special-tax,Industrial Alcohol User Permits and Special Tax,federal,Tax,t,3,76d719ae702c9c4a8a4fb108d5a5251d028c07a96fc0b88e1a0889db5424bd42,,
305,REG-189,public-disclosure-of-material,Public Disclosure of Material,federal,Tax,t,3,e553211a27cc371b7c0994b1520b23a1499af8e7ca4579cee7ce9ec393a47911,,
308,REG-193,reporting-of-payments-of-royalties,Reporting of Payments of Royalties,federal,Tax,t,3,e2b21274d2502f4d21858530436a143ebc244f3d8221574f218ce49cfd608284,,
309,REG-196,small-business-job-protection-act,Small Business Job Protection Act,federal,Tax,t,4,f768ca7196243fc09e767e00d873745c984be166dc598b59c2cee8d2784d6950,,
310,REG-197,unrelated-business-income-ubit,Unrelated Business Income (UBIT),federal,Tax,t,3,71dec005a8bf4728f6d71f8f39883f415b4df4007f873bdb593896cfb6395d56,,
311,REG-241,civil-service-reform-act-of-1978,Civil Service Reform Act of 1978,federal,Unions,t,4,d88a782334586e99a222ca5b9e71315283d61d2f7d3a00e569e2b7d88d5f9178,,
312,REG-243,national-labor-relations-act,National Labor Relations Act,federal,Unions,t,4,f0d38878329d13a51b50afa0d2c38649f1c636292a907c360952192b55a572b3,,
313,REG-170,consumer-credit-protection-act-title-iii-ccpa-garn,"Consumer Credit Protection Act, Title III (CCPA) – Garnishments",federal,Wages,t,3,1d11dd7f8ce04446da298d2590397aa47dc24ae4531125e21e4abd241eae1c32,,
314,REG-174,fair-labor-standards-act-flsa,Fair Labor Standards Act (FLSA),federal,Wages,t,3,c11d9153e9a2d50999e527c22930a45fcf90deab2a16c2061a078ae47920b79e,,
317,REG-191,qualified-tuition-reductions,Qualified Tuition Reductions,federal,Wages,t,3,cc2d5921963930f76a46694a521ee1374be99e39347f59b434a72e870b832252,,
318,REG-219,pennsylvania-english-fluency-in-higher-education-a,Pennsylvania English Fluency In Higher Education A,state,Academic Programs,t,3,0bc23d911303dab26cc0f559ce02f2522a3a17af439790188b2a07d872b94454,PA,
319,REG-220,pennsylvania-graduation-rates-reporting-act,Pennsylvania Graduation Rates Reporting Act,state,Academic Programs,t,3,f6066bdd6f2dd5f7830ba894e475ad854610bcc9b1a18ce88226b533a7a525ab,PA,
320,REG-187,pennsylvania-higher-education-gift-disclosure-act,Pennsylvania Higher Education Gift Disclosure Act,state,Ethics,t,3,ee55a6c128050ff0e95a8a0b0737cb749fd56c812f91fa5442f91407e0a86c44,PA,
321,REG-221,pennsylvania-higher-education-standards,Pennsylvania Higher Education Standards,state,Academic Programs,t,3,3960f240c23c89b8eaba5d654666fd31c94b52b972cbed869d344a1efe7bf416,PA,
322,REG-014,pennsylvania-institutional-accreditation,Pennsylvania Institutional Accreditation,state,Uncategorized,t,6,60917cb1bebcea704d6faac4dba19d2828e7df64b79c81e3c87d7bcad4bb3a92,PA,0278b5b5917a9e3420ea546b991cd9b5d0d4a2ff6d91172f19b2b290d5eb6510
323,REG-006,pennsylvania-sexual-violence-education-act,Pennsylvania Sexual Violence Education Act,state,Sexual Misconduct,t,4,316ee90af3d5ced619c35f2979aafada5eafa1c6f78db2dc9607c9b8a571a90e,PA,
324,REG-244,pennsylvania-student-consumer-protection,Pennsylvania Student Consumer Protection,state,Student Services,t,3,a8fd8b933df483f07824407bc537bac2d71cf8db2fca58c21f212f5bbf1635a4,PA,
325,REG-026,pennsylvania-uniform-crime-reporting-act,Pennsylvania Uniform Crime Reporting Act,state,Uncategorized,t,3,22556d98386c910788a3b90332dc28a07c66cb64285dbb197601dde1454d70f0,PA,f199af1cce3d412a3ed15368de440497133aa5858902047018779c0e348622a1
326,REG-005,new-jersey-campus-sex-assault-victim-bill-of-rights,New Jersey Campus Sex Assault Victim Bill Of Rights,state,Uncategorized,t,5,39550704615677f536924b0115fe44e3c1e8e21d587880f020bb4401092d97dc,NJ,4a52728b6feb21c56140503695a70d9573891a6e4fc0cf82b56f7b4e8014e42c
327,REG-024,new-jersey-hazing-prevention,New Jersey Hazing Prevention,state,Uncategorized,t,4,6894bd56bc7cef05d7726b6c963abb569bf0606978f44bf12f33a0ce739d1e11,NJ,7dc38ee48d92d928d08eeb2152832b3dc634b105b29549a1c34c373fc218efb2
328,REG-013,new-jersey-licensure-accreditation-standards,New Jersey Licensure Accreditation Standards,state,Uncategorized,t,7,2eee31173828f3217ed135b306d106b51d40a6b1630707e71329e1613142ad48,NJ,2f142fb38fc61765b5c882bb71cc5a00e7b2d9e74e95d751600e4b130449abaf
329,REG-062,new-jersey-tuition-aid-grant-program,New Jersey Tuition Aid Grant Program,state,Uncategorized,t,4,743f7e60964efd54c96e9fbc70fc7c2355b455161ce8bf850b276a9406a41a96,NJ,0621dc3245d50affd6b68868467083615abe35f13fdf81630609c51edc9f82af
330,REG-025,new-jersey-uniform-crime-reporting,New Jersey Uniform Crime Reporting,state,Uncategorized,t,4,b532faa5ced3ba8fd5cf121d304f03ece3e88507e02e012c26089e7eec14528b,NJ,71a0ecff00cabf3b3889f191dd70a8e1e2dfa82081f57b53358cd823df7d85b2
331,REG-063,new-jersey-veterans-benefits-compliance,New Jersey Veterans Benefits Compliance,state,Uncategorized,t,4,b0a026321bcd1f34c8866bf4fcd9b7f85d689c544649cb551fd345999633d3ce,NJ,29a602a64c63b6c01c7b1ae3a5363c39e71703ee7ee4909fd08b56b521f15838
332,REG-242,general-data-protection-regulation,General Data Protection Regulation,federal,Uncategorized,t,16,7237202fddfd3f09b4541f1f1083cf8b03f4f9b0905c247f430f8a980d2e7fd5,,
334,REG-240,california-consumer-privacy-act,California Consumer Privacy Act,federal,Uncategorized,t,16,ecec604eb53125548a9e6180048e465b91f82b5e7e5020b1071c6e81357927f4,,
418,REG-252,pennsylvania-act-55-of-2022-sexual-violence-higher-ed,PA Act 55 of 2022 - Sexual Violence in Higher Ed,state,Sexual Violence Prevention,t,12,bf78bbb0808ed79912102368c77af632da5996c7a006614e55b0e01ae5fea0a2,PA,bfc2e8b5126a8b04bceef8b4636159e84b1d01d042ceac75c4e861d61e85aafd
